country,country_name,lower_tob_ci999,upper_tob_ci999,lower_aasb_ci999,upper_aasb_ci999,lower_aob_ci999,upper_aob_ci999,lower_po_ci999,upper_po_ci999
S92000003,Scotland,1038128.6826071428,1069876.214357143,13099.757983144307,13515.303293559979,11316.976477126134,11791.043053065396,85.68159031350999,87.85220369828524
