shb,shb_name,lower_tob_ci999,upper_tob_ci999,lower_aasb_ci999,upper_aasb_ci999,lower_aob_ci999,upper_aob_ci999,lower_po_ci999,upper_po_ci999
SB0801,The Golden Jubilee National Hospital,11777.425982142857,12144.073571428573,167.63386957412843,173.43912752651505,129.0949650898403,132.77454655043454,75.57855257533583,77.9166309545033
